2K18/AE/002,8.36,2K18/AE/002,8.64
2K18/AE/003,4.64,2K18/AE/003,7.45
2K18/AE/004,4.55,2K18/AE/004,5.82
2K18/AE/005,7.64,2K18/AE/005,7.36
2K18/AE/006,9.27,2K18/AE/006,9.82
2K18/AE/007,6.91,2K18/AE/007,7.18
2K18/AE/008,6.82,2K18/AE/008,7.27
2K18/AE/009,8.91,2K18/AE/009,9.27
2K18/AE/010,9.09,2K18/AE/010,9.45
2K18/AE/011,6.73,2K18/AE/011,7.45
2K18/AE/012,7.36,2K18/AE/012,7.91
2K18/AE/013,7.64,2K18/AE/013,8.09
2K18/AE/014,7.91,2K18/AE/014,7.91
2K18/AE/015,7.36,2K18/AE/015,8.18
2K18/AE/016,7.91,2K18/AE/016,8.09
2K18/AE/017,6.18,2K18/AE/017,6
2K18/AE/018,8.27,2K18/AE/018,9
2K18/AE/019,6,2K18/AE/019,6
2K18/AE/020,9.45,2K18/AE/020,9.27
2K18/AE/022,2.09,2K18/AE/022,4.73
2K18/AE/023,8,2K18/AE/023,8.18
2K18/AE/025,8.55,2K18/AE/025,9.18
2K18/AE/026,8.55,2K18/AE/026,8.73
2K18/AE/027,7.91,2K18/AE/027,8
2K18/AE/029,5.64,2K18/AE/029,6.09
2K18/AE/030,9.09,2K18/AE/030,9.82
2K18/AE/031,4.09,2K18/AE/031,5.64
2K18/AE/032,7.36,2K18/AE/032,6.91
2K18/AE/033,8.27,2K18/AE/033,8.82
2K18/AE/034,6.27,2K18/AE/034,7.18
2K18/AE/036,8.09,2K18/AE/036,8.64
2K18/AE/038,6,2K18/AE/038,6.91
2K18/AE/039,5.91,2K18/AE/039,5.82
2K18/AE/040,6.91,2K18/AE/040,7.82
2K18/AE/041,7.45,2K18/AE/041,7.55
2K18/AE/042,6.55,2K18/AE/042,7.36
2K18/AE/043,7.64,2K18/AE/043,7.36
2K18/AE/044,6.91,2K18/AE/044,7.45
2K18/AE/045,7.55,2K18/AE/045,8
2K18/AE/046,4.64,2K18/AE/046,6.36
2K18/AE/047,7.27,2K18/AE/047,7.91
2K18/AE/048,8.82,2K18/AE/048,8.82
2K18/AE/049,8.45,2K18/AE/049,8.64
2K18/AE/050,4.64,2K18/AE/050,6.18
2K18/AE/051,8.45,2K18/AE/051,8.27
2K18/AE/052,7.36,2K18/AE/052,8.18
2K18/AE/053,8.18,2K18/AE/053,8.64
2K18/AE/054,8.73,2K18/AE/054,9.09
2K18/AE/055,7,2K18/AE/055,7.18
2K18/AE/056,7.09,2K18/AE/056,8.27
2K18/AE/057,6.36,2K18/AE/057,6.27
2K18/AE/058,7.09,2K18/AE/058,7.18
2K18/AE/059,9.64,2K18/AE/059,10
2K18/AE/060,5.91,2K18/AE/060,6.55
2K18/AE/062,6.09,2K18/AE/062,7
2K18/AE/063,9.09,2K18/AE/063,9.55
2K18/AE/064,9.64,2K18/AE/064,10
2K18/BT/002,7.82,2K18/BT/002,8
2K18/BT/003,9.73,2K18/BT/003,9.82
2K18/BT/004,6.36,2K18/BT/004,6.64
2K18/BT/005,4,2K18/BT/005,6
2K18/BT/006,9,2K18/BT/006,9.64
2K18/BT/007,8.55,2K18/BT/007,9.09
2K18/BT/009,7.27,2K18/BT/009,7.27
2K18/BT/010,5.45,2K18/BT/010,6.36
2K18/BT/011,5.27,2K18/BT/011,7.45
2K18/BT/012,7.64,2K18/BT/012,8.09
2K18/BT/013,5.73,2K18/BT/013,5.45
2K18/BT/014,0.91,2K18/BT/014,4
2K18/BT/015,9.36,2K18/BT/015,8.64
2K18/BT/016,8.09,2K18/BT/016,8.64
2K18/BT/017,8,2K18/BT/017,7.36
2K18/BT/018,1.09,2K18/BT/018,4.57
2K18/BT/019,7.18,2K18/BT/019,8
2K18/BT/020,7.91,2K18/BT/020,7.91
2K18/BT/021,7.55,2K18/BT/021,7.91
2K18/BT/022,8.55,2K18/BT/022,8.27
2K18/BT/023,7,2K18/BT/023,8.09
2K18/BT/024,3.73,2K18/BT/024,5.36
2K18/BT/025,4.2,2K18/BT/025,6.55
2K18/BT/026,8.91,2K18/BT/026,8.82
2K18/BT/028,3.64,2K18/BT/028,6
2K18/BT/029,6.73,2K18/BT/029,7.36
2K18/BT/030,9.09,2K18/BT/030,9.09
2K18/BT/031,8.09,2K18/BT/031,8.27
2K18/BT/032,9.36,2K18/BT/032,7.55
2K18/BT/034,8.64,2K18/BT/034,9.09
2K18/BT/035,7.45,2K18/BT/035,7.45
2K18/BT/036,4,2K18/BT/036,5.82
2K18/BT/037,0,2K18/BT/037,0.8
2K18/BT/038,7.82,2K18/BT/038,7.73
2K18/BT/039,2,2K18/BT/039,4.45
2K18/BT/040,8.64,2K18/BT/040,8.64
2K18/BT/041,5.09,2K18/BT/041,5.82
2K18/BT/042,8.64,2K18/BT/042,8.45
2K18/BT/043,8,2K18/BT/043,8.82
2K18/BT/044,9.45,2K18/BT/044,9.64
2K18/BT/045,9.18,2K18/BT/045,9.09
2K18/BT/046,7.09,2K18/BT/046,7.91
2K18/BT/047,7.09,2K18/BT/047,7.45
2K18/BT/048,7.09,2K18/BT/048,7.45
2K18/BT/049,9.73,2K18/BT/049,9.64
2K18/BT/050,6.64,2K18/BT/050,7.27
2K18/BT/051,8.18,2K18/BT/051,7.82
2K18/CO/001,8.36,2K18/CO/001,8.64
2K18/CO/002,9.27,2K18/CO/002,9.45
2K18/CO/004,6.27,2K18/CO/004,6.73
2K18/CO/005,9.09,2K18/CO/005,9.64
2K18/CO/006,8.45,2K18/CO/006,9.09
2K18/CO/007,3.82,2K18/CO/007,5.36
2K18/CO/008,8.36,2K18/CO/008,8.82
2K18/CO/009,8.91,2K18/CO/009,9.09
2K18/CO/010,6.64,2K18/CO/010,7.91
2K18/CO/011,9.09,2K18/CO/011,8.91
2K18/CO/012,8.64,2K18/CO/012,8.91
2K18/CO/013,8,2K18/CO/013,8.45
2K18/CO/014,8.18,2K18/CO/014,8.64
2K18/CO/016,8.18,2K18/CO/016,8.91
2K18/CO/017,8.36,2K18/CO/017,8.64
2K18/CO/018,8.73,2K18/CO/018,9.09
2K18/CO/019,8.64,2K18/CO/019,8.82
2K18/CO/020,8.18,2K18/CO/020,8.64
2K18/CO/021,7,2K18/CO/021,7.91
2K18/CO/022,9.18,2K18/CO/022,9.27
2K18/CO/023,7.18,2K18/CO/023,7.27
2K18/CO/024,8.55,2K18/CO/024,8.73
2K18/CO/025,7.45,2K18/CO/025,8.09
2K18/CO/027,8.55,2K18/CO/027,9.36
2K18/CO/028,8.36,2K18/CO/028,8.73
2K18/CO/029,7.64,2K18/CO/029,7.64
2K18/CO/030,7.36,2K18/CO/030,6.73
2K18/CO/031,7.55,2K18/CO/031,8.27
2K18/CO/032,8,2K18/CO/032,8.64
2K18/CO/033,8.64,2K18/CO/033,9.18
2K18/CO/034,7.73,2K18/CO/034,7.64
2K18/CO/035,7.36,2K18/CO/035,7.45
2K18/CO/036,3.36,2K18/CO/036,4.45
2K18/CO/037,5.91,2K18/CO/037,6.55
2K18/CO/038,7.73,2K18/CO/038,8.27
2K18/CO/040,8.64,2K18/CO/040,9.18
2K18/CO/042,6.91,2K18/CO/042,7.27
2K18/CO/043,9.09,2K18/CO/043,9.27
2K18/CO/044,8.45,2K18/CO/044,8.18
2K18/CO/045,4.82,2K18/CO/045,7.36
2K18/CO/046,8,2K18/CO/046,8.73
2K18/CO/047,7.55,2K18/CO/047,7.91
2K18/CO/048,7.45,2K18/CO/048,7.82
2K18/CO/049,8.18,2K18/CO/049,8.73
2K18/CO/050,6.82,2K18/CO/050,8.45
2K18/CO/051,2.18,2K18/CO/051,5.27
2K18/CO/052,8.55,2K18/CO/052,8.55
2K18/CO/053,7.91,2K18/CO/053,8.18
2K18/CO/054,8.82,2K18/CO/054,8.36
2K18/CO/055,2.55,2K18/CO/055,6.36
2K18/CO/056,7.91,2K18/CO/056,8
2K18/CO/057,8.36,2K18/CO/057,8.55
2K18/CO/058,5.09,2K18/CO/058,6.45
2K18/CO/059,8.73,2K18/CO/059,8.73
2K18/CO/061,0,2K18/CO/061,0
2K18/CO/062,8.09,2K18/CO/062,8.18
2K18/CO/063,8.18,2K18/CO/063,8.09
2K18/CO/064,7.64,2K18/CO/064,8
2K18/CO/065,8.82,2K18/CO/065,9.45
2K18/CO/066,8.6,2K18/CO/066,8.64
2K18/CO/067,7.91,2K18/CO/067,8.55
2K18/CO/068,7.91,2K18/CO/068,7.73
2K18/CO/069,9.45,2K18/CO/069,8.45
2K18/CO/070,7.91,2K18/CO/070,8.64
2K18/CO/071,8.55,2K18/CO/071,8.82
2K18/CO/073,9,2K18/CO/073,9
2K18/CO/074,8,2K18/CO/074,8.45
2K18/CO/075,9.27,2K18/CO/075,9.64
2K18/CO/076,7.91,2K18/CO/076,7.82
2K18/CO/077,7.73,2K18/CO/077,8.64
2K18/CO/078,5.18,2K18/CO/078,6.55
2K18/CO/079,8.36,2K18/CO/079,9
2K18/CO/080,7,2K18/CO/080,7.45
2K18/CO/081,8.09,2K18/CO/081,8.55
2K18/CO/082,9.27,2K18/CO/082,9.27
2K18/CO/083,6.91,2K18/CO/083,7.91
2K18/CO/084,7.09,2K18/CO/084,7.82
2K18/CO/085,8.64,2K18/CO/085,8.27
2K18/CO/086,7.82,2K18/CO/086,8.64
2K18/CO/087,4.82,2K18/CO/087,6.91
2K18/CO/088,7.36,2K18/CO/088,8
2K18/CO/089,1.55,2K18/CO/089,4.73
2K18/CO/090,8.91,2K18/CO/090,8.09
2K18/CO/091,7.64,2K18/CO/091,7.45
2K18/CO/092,9.18,2K18/CO/092,8.91
2K18/CO/093,8.64,2K18/CO/093,8.36
2K18/CO/094,6.27,2K18/CO/094,7.09
2K18/CO/095,7.27,2K18/CO/095,6.82
2K18/CO/096,8.73,2K18/CO/096,8.82
2K18/CO/097,7.82,2K18/CO/097,8.45
2K18/CO/098,7.73,2K18/CO/098,7.64
2K18/CO/099,7.64,2K18/CO/099,7.82
2K18/CO/100,8.64,2K18/CO/100,8.55
2K18/CO/101,7.09,2K18/CO/101,7.18
2K18/CO/102,8.55,2K18/CO/102,8.73
2K18/CO/103,9.27,2K18/CO/103,9.09
2K18/CO/104,7.18,2K18/CO/104,6.36
2K18/CO/105,3.73,2K18/CO/105,5.09
2K18/CO/106,4.09,2K18/CO/106,4.45
2K18/CO/107,7,2K18/CO/107,8.36
2K18/CO/108,3.91,2K18/CO/108,4.45
2K18/CO/109,8.82,2K18/CO/109,9.18
2K18/CO/110,8.18,2K18/CO/110,8.73
2K18/CO/111,6.91,2K18/CO/111,6.82
2K18/CO/112,7,2K18/CO/112,7
2K18/CO/113,1.27,2K18/CO/113,1.09
2K18/CO/114,7.82,2K18/CO/114,8.09
2K18/CO/115,8.18,2K18/CO/115,7.91
2K18/CO/116,4.55,2K18/CO/116,5.82
2K18/CO/117,6.82,2K18/CO/117,7.09
2K18/CO/118,8.64,2K18/CO/118,8.55
2K18/CO/119,8.55,2K18/CO/119,8.55
2K18/CO/121,9.36,2K18/CO/121,9.27
2K18/CO/122,7.36,2K18/CO/122,7.82
2K18/CO/123,8.55,2K18/CO/123,7.82
2K18/CO/124,7.91,2K18/CO/124,6.55
2K18/CO/125,8.73,2K18/CO/125,8.64
2K18/CO/126,7.82,2K18/CO/126,8.36
2K18/CO/127,9.18,2K18/CO/127,8.27
2K18/CO/128,9.27,2K18/CO/128,8.27
2K18/CO/129,8.36,2K18/CO/129,8.36
2K18/CO/130,8.91,2K18/CO/130,8.55
2K18/CO/132,9.64,2K18/CO/132,9.45
2K18/CO/133,7.09,2K18/CO/133,6
2K18/CO/134,6.73,2K18/CO/134,5.64
2K18/CO/135,8.73,2K18/CO/135,8.82
2K18/CO/136,9.45,2K18/CO/136,9.09
2K18/CO/137,7.73,2K18/CO/137,8.18
2K18/CO/138,9.36,2K18/CO/138,9
2K18/CO/139,8.18,2K18/CO/139,7.55
2K18/CO/140,9.55,2K18/CO/140,9.27
2K18/CO/141,8.09,2K18/CO/141,7.64
2K18/CO/142,9.09,2K18/CO/142,8.91
2K18/CO/143,8.55,2K18/CO/143,8.73
2K18/CO/144,8.36,2K18/CO/144,9.18
2K18/CO/145,9.82,2K18/CO/145,9.64
2K18/CO/147,4.64,2K18/CO/147,5.55
2K18/CO/148,7.18,2K18/CO/148,7.91
2K18/CO/149,3.82,2K18/CO/149,6.09
2K18/CO/150,8.91,2K18/CO/150,9.09
2K18/CO/152,4.91,2K18/CO/152,6.64
2K18/CO/153,8.45,2K18/CO/153,8
2K18/CO/154,8,2K18/CO/154,7.64
2K18/CO/155,8.18,2K18/CO/155,8.64
2K18/CO/156,6.91,2K18/CO/156,6.18
2K18/CO/157,8.82,2K18/CO/157,9.36
2K18/CO/158,8.55,2K18/CO/158,9
2K18/CO/159,8.09,2K18/CO/159,8.55
2K18/CO/160,8.64,2K18/CO/160,7.91
2K18/CO/161,7.45,2K18/CO/161,8.27
2K18/CO/162,9,2K18/CO/162,8.91
2K18/CO/163,5.09,2K18/CO/163,6.36
2K18/CO/164,9.64,2K18/CO/164,9.45
2K18/CO/165,8,2K18/CO/165,8.45
2K18/CO/166,5.09,2K18/CO/166,8.82
2K18/CO/168,6.27,2K18/CO/168,6.73
2K18/CO/169,8.82,2K18/CO/169,8.73
2K18/CO/170,7.55,2K18/CO/170,8.64
2K18/CO/171,9.27,2K18/CO/171,8.91
2K18/CO/172,9.18,2K18/CO/172,8.91
2K18/CO/173,7,2K18/CO/173,7.73
2K18/CO/174,7.55,2K18/CO/174,8.45
2K18/CO/175,6.91,2K18/CO/175,8.64
2K18/CO/176,9,2K18/CO/176,9.09
2K18/CO/177,9,2K18/CO/177,9.18
2K18/CO/178,6.09,2K18/CO/178,7.91
2K18/CO/179,8.27,2K18/CO/179,8.91
2K18/CO/180,9.45,2K18/CO/180,9.27
2K18/CO/181,7.27,2K18/CO/181,8.27
2K18/CO/182,9.27,2K18/CO/182,9.18
2K18/CO/183,5.55,2K18/CO/183,6.55
2K18/CO/184,8,2K18/CO/184,8.64
2K18/CO/185,6.55,2K18/CO/185,7.36
2K18/CO/186,2.73,2K18/CO/186,
2K18/CO/187,2.09,2K18/CO/187,5.45
2K18/CO/188,9.45,2K18/CO/188,8.91
2K18/CO/189,8.27,2K18/CO/189,9.27
2K18/CO/190,7,2K18/CO/190,7.91
2K18/CO/191,9.27,2K18/CO/191,9.27
2K18/CO/192,4.91,2K18/CO/192,6.45
2K18/CO/193,9,2K18/CO/193,8.82
2K18/CO/194,8,2K18/CO/194,8.45
2K18/CO/195,5.09,2K18/CO/195,6.91
2K18/CO/196,7.64,2K18/CO/196,8.73
2K18/CO/197,9.64,2K18/CO/197,9.64
2K18/CO/198,9.27,2K18/CO/198,9.82
2K18/CO/199,8.73,2K18/CO/199,8.91
2K18/CO/201,4,2K18/CO/201,6.91
2K18/CO/202,6.09,2K18/CO/202,7.45
2K18/CO/203,9.09,2K18/CO/203,9.82
2K18/CO/204,7.73,2K18/CO/204,8.45
2K18/CO/205,8,2K18/CO/205,8.64
2K18/CO/206,9,2K18/CO/206,8.73
2K18/CO/207,8.27,2K18/CO/207,9.27
2K18/CO/208,7,2K18/CO/208,8
2K18/CO/209,9.27,2K18/CO/209,9.27
2K18/CO/210,8,2K18/CO/210,8.55
2K18/CO/211,8.09,2K18/CO/211,9.09
2K18/CO/212,6.18,2K18/CO/212,8.36
2K18/CO/213,9,2K18/CO/213,9.09
2K18/CO/214,8,2K18/CO/214,9.64
2K18/CO/215,8.91,2K18/CO/215,9.27
2K18/CO/216,9.27,2K18/CO/216,9.91
2K18/CO/217,9.45,2K18/CO/217,9.36
2K18/CO/218,9.45,2K18/CO/218,9.45
2K18/CO/219,9,2K18/CO/219,9.18
2K18/CO/220,1.91,2K18/CO/220,
2K18/CO/221,8.64,2K18/CO/221,8.73
2K18/CO/222,8.91,2K18/CO/222,8.82
2K18/CO/223,8,2K18/CO/223,8.55
2K18/CO/224,9.09,2K18/CO/224,9.09
2K18/CO/225,8.55,2K18/CO/225,8.91
2K18/CO/226,9.09,2K18/CO/226,9.55
2K18/CO/227,2.64,2K18/CO/227,5.55
2K18/CO/228,4.82,2K18/CO/228,6.55
2K18/CO/230,8,2K18/CO/230,8.55
2K18/CO/231,8.45,2K18/CO/231,8.45
2K18/CO/232,4.27,2K18/CO/232,4.55
2K18/CO/233,8.09,2K18/CO/233,8.82
2K18/CO/234,9.09,2K18/CO/234,9.36
2K18/CO/235,5.36,2K18/CO/235,7.09
2K18/CO/236,6.82,2K18/CO/236,7.64
2K18/CO/237,8,2K18/CO/237,8.91
2K18/CO/238,9.18,2K18/CO/238,9.18
2K18/CO/239,8.55,2K18/CO/239,8.82
2K18/CO/240,9.09,2K18/CO/240,9.09
2K18/CO/241,3.36,2K18/CO/241,5.45
2K18/CO/242,7.73,2K18/CO/242,7.91
2K18/CO/243,7.09,2K18/CO/243,6.73
2K18/CO/244,6.27,2K18/CO/244,6.91
2K18/CO/245,5.82,2K18/CO/245,6.45
2K18/CO/246,5.09,2K18/CO/246,6.55
2K18/CO/247,6.82,2K18/CO/247,7.64
2K18/CO/248,7.55,2K18/CO/248,7.91
2K18/CO/249,7.55,2K18/CO/249,8.27
2K18/CO/250,6.91,2K18/CO/250,8.64
2K18/CO/251,9.09,2K18/CO/251,9.45
2K18/CO/252,9.55,2K18/CO/252,9.27
2K18/CO/253,8.45,2K18/CO/253,9
2K18/CO/254,8.91,2K18/CO/254,8.91
2K18/CO/255,8.18,2K18/CO/255,7.64
2K18/CO/256,9.64,2K18/CO/256,9.82
2K18/CO/257,8,2K18/CO/257,8.82
2K18/CO/258,8.82,2K18/CO/258,8.82
2K18/CO/259,5.27,2K18/CO/259,7.36
2K18/CO/260,6.91,2K18/CO/260,8.09
2K18/CO/261,8.82,2K18/CO/261,9.09
2K18/CO/262,8.36,2K18/CO/262,8.91
2K18/CO/263,8.55,2K18/CO/263,9
2K18/CO/264,8.64,2K18/CO/264,8.82
2K18/CO/265,9.91,2K18/CO/265,9.82
2K18/CO/266,9.27,2K18/CO/266,9.64
2K18/CO/267,9.82,2K18/CO/267,9.82
2K18/CO/268,6.82,2K18/CO/268,7.36
2K18/CO/269,10,2K18/CO/269,9.91
2K18/CO/270,5.36,2K18/CO/270,6.27
2K18/CO/271,8.36,2K18/CO/271,8.73
2K18/CO/272,6.27,2K18/CO/272,6.91
2K18/CO/273,8,2K18/CO/273,9.27
2K18/CO/274,7.91,2K18/CO/274,8
2K18/CO/275,8.36,2K18/CO/275,9.27
2K18/CO/276,8.55,2K18/CO/276,8.64
2K18/CO/277,7.45,2K18/CO/277,8
2K18/CO/278,8.64,2K18/CO/278,9.09
2K18/CO/279,6.09,2K18/CO/279,6.73
2K18/CO/280,1.91,2K18/CO/280,5.45
2K18/CO/281,8.55,2K18/CO/281,9
2K18/CO/282,4.64,2K18/CO/282,6.64
2K18/CO/283,9.09,2K18/CO/283,9.36
2K18/CO/285,7,2K18/CO/285,8.36
2K18/CO/286,4.82,2K18/CO/286,7.36
2K18/CO/287,7,2K18/CO/287,8.09
2K18/CO/288,6,2K18/CO/288,7.09
2K18/CO/290,6.91,2K18/CO/290,8.73
2K18/CO/291,5.18,2K18/CO/291,7.55
2K18/CO/292,6.64,2K18/CO/292,7
2K18/CO/293,5.18,2K18/CO/293,7.18
2K18/CO/294,7.73,2K18/CO/294,8.27
2K18/CO/295,8.36,2K18/CO/295,9.18
2K18/CO/296,8.36,2K18/CO/296,8.73
2K18/CO/297,2.27,2K18/CO/297,4.64
2K18/CO/298,1.45,2K18/CO/298,4.82
2K18/CO/299,7.91,2K18/CO/299,8.55
2K18/CO/300,6.09,2K18/CO/300,6.45
2K18/CO/301,7.18,2K18/CO/301,8
2K18/CO/302,7.73,2K18/CO/302,8.36
2K18/CO/303,8.45,2K18/CO/303,9
2K18/CO/304,6.55,2K18/CO/304,7.09
2K18/CO/305,9.45,2K18/CO/305,9.27
2K18/CO/306,8,2K18/CO/306,8.91
2K18/CO/307,7.18,2K18/CO/307,8.36
2K18/CO/308,6.27,2K18/CO/308,7.64
2K18/CO/309,5.09,2K18/CO/309,6.27
2K18/CO/310,5.91,2K18/CO/310,6.36
2K18/CO/311,7.09,2K18/CO/311,7.82
2K18/CO/312,8.55,2K18/CO/312,8.36
2K18/CO/313,8.91,2K18/CO/313,9.27
2K18/CO/314,8.27,2K18/CO/314,8.27
2K18/CO/315,6.73,2K18/CO/315,8.18
2K18/CO/317,6.27,2K18/CO/317,7.09
2K18/CO/318,9.09,2K18/CO/318,9.27
2K18/CO/319,6.55,2K18/CO/319,7.45
2K18/CO/320,8.73,2K18/CO/320,9
2K18/CO/321,8.55,2K18/CO/321,8.36
2K18/CO/322,6.09,2K18/CO/322,7.09
2K18/CO/323,8,2K18/CO/323,8.55
2K18/CO/324,8.36,2K18/CO/324,9.18
2K18/CO/325,8.09,2K18/CO/325,8.64
2K18/CO/326,9.18,2K18/CO/326,9.27
2K18/CO/327,7.91,2K18/CO/327,8.82
2K18/CO/328,8.27,2K18/CO/328,9.18
2K18/CO/329,7.36,2K18/CO/329,8.27
2K18/CO/330,6.27,2K18/CO/330,7.82
2K18/CO/331,8.64,2K18/CO/331,8.91
2K18/CO/332,9.09,2K18/CO/332,8.73
2K18/CO/333,9.09,2K18/CO/333,9.18
2K18/CO/334,5.73,2K18/CO/334,8
2K18/CO/335,9.64,2K18/CO/335,9.82
2K18/CO/336,8.64,2K18/CO/336,9.36
2K18/CO/337,8.55,2K18/CO/337,8.82
2K18/CO/338,8.5,2K18/CO/338,9.36
2K18/CO/339,8.36,2K18/CO/339,9.18
2K18/CO/340,9.82,2K18/CO/340,9.73
2K18/CO/341,4.45,2K18/CO/341,7.36
2K18/CO/342,8.27,2K18/CO/342,9.09
2K18/CO/343,8.09,2K18/CO/343,8.91
2K18/CO/344,8.91,2K18/CO/344,8.36
2K18/CO/345,6,2K18/CO/345,7.36
2K18/CO/346,7.64,2K18/CO/346,8.73
2K18/CO/347,4.18,2K18/CO/347,5.56
2K18/CO/348,7.91,2K18/CO/348,8.09
2K18/CO/349,7.73,2K18/CO/349,9
2K18/CO/350,9.82,2K18/CO/350,10
2K18/CO/351,6.64,2K18/CO/351,7.36
2K18/CO/352,9.09,2K18/CO/352,9.18
2K18/CO/353,8.45,2K18/CO/353,8.91
2K18/CO/354,8.82,2K18/CO/354,8.91
2K18/CO/355,8.09,2K18/CO/355,8.82
2K18/CO/356,6.73,2K18/CO/356,7.45
2K18/CO/357,8.18,2K18/CO/357,8.55
2K18/CO/358,6.36,2K18/CO/358,6.73
2K18/CO/359,8.73,2K18/CO/359,8.73
2K18/CO/360,7.91,2K18/CO/360,8.64
2K18/CO/361,6.55,2K18/CO/361,7.64
2K18/CO/362,5.91,2K18/CO/362,7
2K18/CO/363,7.27,2K18/CO/363,8.27
2K18/CO/364,7.55,2K18/CO/364,9.18
2K18/CO/365,8.27,2K18/CO/365,9.55
2K18/CO/366,4.09,2K18/CO/366,6.82
2K18/CO/367,0,2K18/CO/367,
2K18/CO/368,6.91,2K18/CO/368,7.91
2K18/CO/369,8.55,2K18/CO/369,9
2K18/CO/370,9.27,2K18/CO/370,9.82
2K18/CO/371,4,2K18/CO/371,7.27
2K18/CO/372,8,2K18/CO/372,8.36
2K18/CO/373,9.09,2K18/CO/373,8.82
2K18/CO/374,9.09,2K18/CO/374,8.82
2K18/CO/375,7.09,2K18/CO/375,7
2K18/CO/376,7.27,2K18/CO/376,7.64
2K18/CO/377,9.09,2K18/CO/377,9
2K18/CO/378,9.64,2K18/CO/378,9.27
2K18/CO/379,8.64,2K18/CO/379,8.27
2K18/CO/380,9.27,2K18/CO/380,9.82
2K18/CO/381,8.82,2K18/CO/381,8.91
2K18/CO/382,9.73,2K18/CO/382,9.45
2K18/CO/383,9.36,2K18/CO/383,9.64
2K18/CO/384,7.45,2K18/CO/384,8.09
2K18/CO/386,9.18,2K18/CO/386,9.64
2K18/CO/387,9.45,2K18/CO/387,9.64
2K18/CO/388,9.45,2K18/CO/388,9.64
2K18/CO/389,7,2K18/CO/389,7.73
2K18/CO/390,9.36,2K18/CO/390,9.64
2K18/CO/391,10,2K18/CO/391,9.82
2K18/CO/392,9.45,2K18/CO/392,9.55
2K18/CO/393,9.09,2K18/CO/393,9.45
2K18/CO/394,7.64,2K18/CO/394,7.36
2K18/CO/395,9.55,2K18/CO/395,9.27
2K18/CO/396,7.09,2K18/CO/396,8.18
2K18/CO/397,6,2K18/CO/397,6.45
2K18/CO/398,7.18,2K18/CO/398,8.36
2K18/CO/399,8.64,2K18/CO/399,9.18
2K18/CO/401,7.91,2K18/CO/401,8.55
2K18/CO/402,9.45,2K18/CO/402,9.45
2K18/CO/403,5.82,2K18/CO/403,7.27
2K18/CO/404,6.73,2K18/CO/404,7.45
2K18/CO/405,9.64,2K18/CO/405,9.18
2K18/CO/406,9,2K18/CO/406,9.45
2K18/CO/407,9.91,2K18/CO/407,10
2K18/CO/408,2.27,2K18/CO/408,5.64
2K18/CO/409,5.45,2K18/CO/409,7.27
2K18/CO/410,7.55,2K18/CO/410,8.36
2K18/CO/411,4.91,2K18/CO/411,7.64
2K18/EC/001,5.09,2K18/EC/001,5.82
2K18/EC/002,8.09,2K18/EC/002,8.45
2K18/EC/003,8.55,2K18/EC/003,8.36
2K18/EC/004,4.18,2K18/EC/004,5.6
2K18/EC/005,6.64,2K18/EC/005,7.18
2K18/EC/006,8.36,2K18/EC/006,8.18
2K18/EC/007,6.45,2K18/EC/007,7.18
2K18/EC/008,4.09,2K18/EC/008,3.18
2K18/EC/009,9.36,2K18/EC/009,9.64
2K18/EC/010,7.36,2K18/EC/010,7.55
2K18/EC/013,7.18,2K18/EC/013,7.18
2K18/EC/014,9.64,2K18/EC/014,9.91
2K18/EC/015,7.91,2K18/EC/015,8.82
2K18/EC/016,6.36,2K18/EC/016,7.18
2K18/EC/017,7.27,2K18/EC/017,9.09
2K18/EC/018,8.09,2K18/EC/018,8.18
2K18/EC/019,4,2K18/EC/019,5.27
2K18/EC/020,7.55,2K18/EC/020,7.55
2K18/EC/021,3.55,2K18/EC/021,4.64
2K18/EC/022,8.73,2K18/EC/022,9.45
2K18/EC/023,6.64,2K18/EC/023,8
2K18/EC/024,5.73,2K18/EC/024,6.27
2K18/EC/025,7.09,2K18/EC/025,7.55
2K18/EC/026,5.36,2K18/EC/026,5.73
2K18/EC/027,6.09,2K18/EC/027,6.91
2K18/EC/028,7.73,2K18/EC/028,8.09
2K18/EC/029,4.82,2K18/EC/029,5.91
2K18/EC/030,8.82,2K18/EC/030,9.64
2K18/EC/031,6.64,2K18/EC/031,6.73
2K18/EC/032,6.36,2K18/EC/032,7.64
2K18/EC/033,8.18,2K18/EC/033,8.73
2K18/EC/034,6.09,2K18/EC/034,7.18
2K18/EC/035,4.36,2K18/EC/035,5.82
2K18/EC/037,7.09,2K18/EC/037,7.36
2K18/EC/039,6.09,2K18/EC/039,7.18
2K18/EC/040,5.91,2K18/EC/040,7.73
2K18/EC/041,8.91,2K18/EC/041,9.45
2K18/EC/042,8.18,2K18/EC/042,8.64
2K18/EC/043,8,2K18/EC/043,8.64
2K18/EC/044,8.27,2K18/EC/044,8.18
2K18/EC/045,6.64,2K18/EC/045,7.36
2K18/EC/046,9.09,2K18/EC/046,9.09
2K18/EC/047,6.55,2K18/EC/047,7
2K18/EC/048,9.09,2K18/EC/048,9.27
2K18/EC/049,8.91,2K18/EC/049,9.18
2K18/EC/050,8.55,2K18/EC/050,9.45
2K18/EC/051,6.64,2K18/EC/051,7.36
2K18/EC/052,9.64,2K18/EC/052,9.73
2K18/EC/053,4.45,2K18/EC/053,6.82
2K18/EC/054,10,2K18/EC/054,10
2K18/EC/055,7.73,2K18/EC/055,8.73
2K18/EC/056,7.18,2K18/EC/056,8.18
2K18/EC/057,4.09,2K18/EC/057,6.91
2K18/EC/058,3.82,2K18/EC/058,6.36
2K18/EC/059,6.27,2K18/EC/059,7.73
2K18/EC/060,4.27,2K18/EC/060,6.64
2K18/EC/061,7.45,2K18/EC/061,7.36
2K18/EC/062,3.36,2K18/EC/062,5.91
2K18/EC/063,6.91,2K18/EC/063,7.18
2K18/EC/064,7.45,2K18/EC/064,7.55
2K18/EC/065,8.18,2K18/EC/065,8.36
2K18/EC/066,5.82,2K18/EC/066,6.45
2K18/EC/067,8.09,2K18/EC/067,8.55
2K18/EC/068,8.55,2K18/EC/068,9.55
2K18/EC/069,8.27,2K18/EC/069,8.36
2K18/EC/070,8.18,2K18/EC/070,8.64
2K18/EC/071,7.64,2K18/EC/071,7.18
2K18/EC/072,10,2K18/EC/072,9.82
2K18/EC/074,7.73,2K18/EC/074,8.55
2K18/EC/076,6.64,2K18/EC/076,6.73
2K18/EC/077,4.09,2K18/EC/077,6.09
2K18/EC/078,6.64,2K18/EC/078,6.73
2K18/EC/079,6.27,2K18/EC/079,7.18
2K18/EC/080,9.09,2K18/EC/080,9.18
2K18/EC/081,5,2K18/EC/081,6.45
2K18/EC/082,7,2K18/EC/082,7.45
2K18/EC/083,6.36,2K18/EC/083,7
2K18/EC/084,6.09,2K18/EC/084,6.45
2K18/EC/086,7.64,2K18/EC/086,8.18
2K18/EC/087,7.82,2K18/EC/087,8.09
2K18/EC/088,9.82,2K18/EC/088,10
2K18/EC/089,9.45,2K18/EC/089,10
2K18/EC/090,4.27,2K18/EC/090,6.18
2K18/EC/091,5.55,2K18/EC/091,6.55
2K18/EC/092,7.09,2K18/EC/092,8.09
2K18/EC/093,0.73,2K18/EC/093,6.45
2K18/EC/094,4.18,2K18/EC/094,5.64
2K18/EC/095,7.27,2K18/EC/095,7.64
2K18/EC/096,6.36,2K18/EC/096,7.45
2K18/EC/097,7.55,2K18/EC/097,8.18
2K18/EC/098,6.55,2K18/EC/098,7.91
2K18/EC/099,8.45,2K18/EC/099,8.82
2K18/EC/100,7,2K18/EC/100,7.64
2K18/EC/101,9.27,2K18/EC/101,9.36
2K18/EC/102,9,2K18/EC/102,8.73
2K18/EC/103,7,2K18/EC/103,8.09
2K18/EC/104,5.64,2K18/EC/104,6.82
2K18/EC/105,6.55,2K18/EC/105,6.64
2K18/EC/106,8.73,2K18/EC/106,8.73
2K18/EC/107,0.45,2K18/EC/107,1
2K18/EC/108,8.55,2K18/EC/108,9.09
2K18/EC/109,9,2K18/EC/109,8.45
2K18/EC/110,6.36,2K18/EC/110,7.91
2K18/EC/111,5.82,2K18/EC/111,7
2K18/EC/112,8.73,2K18/EC/112,8.82
2K18/EC/113,6.55,2K18/EC/113,7.09
2K18/EC/114,6.36,2K18/EC/114,7.09
2K18/EC/115,7.27,2K18/EC/115,8.45
2K18/EC/116,7,2K18/EC/116,7.55
2K18/EC/117,7.27,2K18/EC/117,8
2K18/EC/118,6.91,2K18/EC/118,8
2K18/EC/119,3.64,2K18/EC/119,5.09
2K18/EC/120,6.64,2K18/EC/120,7.18
2K18/EC/121,6.18,2K18/EC/121,8
2K18/EC/122,7.45,2K18/EC/122,8.45
2K18/EC/124,9,2K18/EC/124,9.09
2K18/EC/125,7.55,2K18/EC/125,7.82
2K18/EC/126,8.36,2K18/EC/126,8.73
2K18/EC/127,8.36,2K18/EC/127,8.36
2K18/EC/128,7.82,2K18/EC/128,8
2K18/EC/129,5.55,2K18/EC/129,6.36
2K18/EC/130,4.36,2K18/EC/130,7.64
2K18/EC/131,3.73,2K18/EC/131,5.27
2K18/EC/132,7.27,2K18/EC/132,7.64
2K18/EC/133,9.27,2K18/EC/133,8.91
2K18/EC/134,6.55,2K18/EC/134,7.27
2K18/EC/135,5.64,2K18/EC/135,6
2K18/EC/136,6.55,2K18/EC/136,7.82
2K18/EC/137,8.73,2K18/EC/137,8.64
2K18/EC/138,6.55,2K18/EC/138,6.45
2K18/EC/140,4,2K18/EC/140,1.45
2K18/EC/141,5.27,2K18/EC/141,6.27
2K18/EC/142,4.45,2K18/EC/142,5.91
2K18/EC/143,8.82,2K18/EC/143,8.36
2K18/EC/144,5.91,2K18/EC/144,5.64
2K18/EC/145,8.45,2K18/EC/145,7.82
2K18/EC/146,8.36,2K18/EC/146,8.64
2K18/EC/147,9.18,2K18/EC/147,8.64
2K18/EC/148,9,2K18/EC/148,8.73
2K18/EC/149,6.82,2K18/EC/149,7
2K18/EC/150,8.45,2K18/EC/150,9.18
2K18/EC/151,8.91,2K18/EC/151,8.09
2K18/EC/152,8.55,2K18/EC/152,8.82
2K18/EC/153,4.91,2K18/EC/153,5.55
2K18/EC/154,7.18,2K18/EC/154,7.36
2K18/EC/155,7.18,2K18/EC/155,7.82
2K18/EC/156,5.09,2K18/EC/156,5.45
2K18/EC/157,6.36,2K18/EC/157,7.27
2K18/EC/158,8.09,2K18/EC/158,8.36
2K18/EC/159,4.73,2K18/EC/159,5.45
2K18/EC/160,7.18,2K18/EC/160,8.18
2K18/EC/161,6.82,2K18/EC/161,7.64
2K18/EC/162,9.27,2K18/EC/162,9.36
2K18/EC/163,9.64,2K18/EC/163,9.55
2K18/EC/165,8.82,2K18/EC/165,9
2K18/EC/166,6.36,2K18/EC/166,6.91
2K18/EC/167,8.45,2K18/EC/167,8.18
2K18/EC/168,8.45,2K18/EC/168,7.82
2K18/EC/169,5.45,2K18/EC/169,7
2K18/EC/170,5.82,2K18/EC/170,6.36
2K18/EC/171,6.45,2K18/EC/171,7.18
2K18/EC/172,6.09,2K18/EC/172,5.91
2K18/EC/173,4.45,2K18/EC/173,5.73
2K18/EC/174,6.73,2K18/EC/174,7.27
2K18/EC/175,8.45,2K18/EC/175,8.09
2K18/EC/176,5.82,2K18/EC/176,6.45
2K18/EC/177,6.45,2K18/EC/177,6.82
2K18/EC/178,8.18,2K18/EC/178,8.18
2K18/EC/179,7.82,2K18/EC/179,7.91
2K18/EC/180,7.36,2K18/EC/180,7.36
2K18/EC/182,7.09,2K18/EC/182,6.82
2K18/EC/183,9.82,2K18/EC/183,9.82
2K18/EC/184,9,2K18/EC/184,8.64
2K18/EC/185,7.09,2K18/EC/185,7.82
2K18/EC/186,5.73,2K18/EC/186,6.18
2K18/EC/187,7.82,2K18/EC/187,7.64
2K18/EC/188,7.73,2K18/EC/188,7.09
2K18/EC/189,7.36,2K18/EC/189,7.73
2K18/EC/190,7.27,2K18/EC/190,7
2K18/EC/191,4.82,2K18/EC/191,6.18
2K18/EC/192,8.27,2K18/EC/192,8.73
2K18/EC/193,7.09,2K18/EC/193,7.36
2K18/EC/194,7.45,2K18/EC/194,7.91
2K18/EC/195,7.55,2K18/EC/195,7.55
2K18/EC/196,6.18,2K18/EC/196,6.36
2K18/EC/197,8.18,2K18/EC/197,8.27
2K18/EC/198,6.73,2K18/EC/198,6.91
2K18/EN/001,7.91,2K18/EN/001,6.73
2K18/EN/002,8.27,2K18/EN/002,9.27
2K18/EN/003,5.55,2K18/EN/003,6.55
2K18/EN/004,8.09,2K18/EN/004,8.18
2K18/EN/005,1.73,2K18/EN/005,4
2K18/EN/006,6.09,2K18/EN/006,7.09
2K18/EN/007,7.36,2K18/EN/007,8.55
2K18/EN/008,7.73,2K18/EN/008,8.36
2K18/EN/009,9.73,2K18/EN/009,10
2K18/EN/010,9.55,2K18/EN/010,9.45
2K18/EN/011,8.73,2K18/EN/011,8.45
2K18/EN/012,9.45,2K18/EN/012,9.82
2K18/EN/013,6.73,2K18/EN/013,7.18
2K18/EN/014,7.64,2K18/EN/014,7.64
2K18/EN/015,8.18,2K18/EN/015,8.45
2K18/EN/016,8.55,2K18/EN/016,9
2K18/EN/018,2.45,2K18/EN/018,8.55
2K18/EN/019,8,2K18/EN/019,8.64
2K18/EN/020,8.18,2K18/EN/020,8.55
2K18/EN/021,8.09,2K18/EN/021,8.55
2K18/EN/022,6,2K18/EN/022,7.64
2K18/EN/023,7.91,2K18/EN/023,8
2K18/EN/024,7.82,2K18/EN/024,8.09
2K18/EN/025,8.09,2K18/EN/025,9.18
2K18/EN/026,8.45,2K18/EN/026,8.82
2K18/EN/027,7.82,2K18/EN/027,7.82
2K18/EN/028,8.27,2K18/EN/028,8.64
2K18/EN/029,8.73,2K18/EN/029,9.45
2K18/EN/030,9,2K18/EN/030,9.09
2K18/EN/031,6,2K18/EN/031,7.09
2K18/EN/032,5.64,2K18/EN/032,6.91
2K18/EN/033,4.36,2K18/EN/033,6.91
2K18/EN/034,3.55,2K18/EN/034,0
2K18/EN/036,8.36,2K18/EN/036,7.82
2K18/EN/037,7.45,2K18/EN/037,8.64
2K18/EN/038,6.55,2K18/EN/038,8.09
2K18/EN/039,1.6,2K18/EN/039,3.27
2K18/EN/041,6.64,2K18/EN/041,7.36
2K18/EN/042,8.18,2K18/EN/042,9.09
2K18/EN/043,9.36,2K18/EN/043,9.27
2K18/EN/044,6.18,2K18/EN/044,7.18
2K18/EN/045,7.45,2K18/EN/045,7.55
2K18/EN/046,7.45,2K18/EN/046,8.36
2K18/EN/047,7.09,2K18/EN/047,8.09
2K18/EN/048,6.45,2K18/EN/048,7.18
2K18/EN/049,7.55,2K18/EN/049,8.09
2K18/EN/050,9.45,2K18/EN/050,8.91
2K18/EP/002,5.55,2K18/EP/002,7.18
2K18/EP/003,7,2K18/EP/003,7.55
2K18/EP/005,7.82,2K18/EP/005,8.55
2K18/EP/006,9.09,2K18/EP/006,9.18
2K18/EP/007,2.82,2K18/EP/007,5.64
2K18/EP/008,7.82,2K18/EP/008,7.64
2K18/EP/009,6.82,2K18/EP/009,7
2K18/EP/010,10,2K18/EP/010,9.64
2K18/EP/011,2.91,2K18/EP/011,5.82
2K18/EP/012,0.82,2K18/EP/012,2.73
2K18/EP/013,6.55,2K18/EP/013,7.45
2K18/EP/014,5.27,2K18/EP/014,7.36
2K18/EP/016,3.64,2K18/EP/016,6.18
2K18/EP/017,7.36,2K18/EP/017,7.45
2K18/EP/018,3.11,2K18/EP/018,
2K18/EP/019,3.45,2K18/EP/019,6.09
2K18/EP/020,6.55,2K18/EP/020,7.64
2K18/EP/021,8.45,2K18/EP/021,7.91
2K18/EP/022,6.09,2K18/EP/022,7.09
2K18/EP/023,5.64,2K18/EP/023,7.45
2K18/EP/024,3.18,2K18/EP/024,5.73
2K18/EP/025,8.18,2K18/EP/025,9.09
2K18/EP/026,6.18,2K18/EP/026,7.82
2K18/EP/027,9.82,2K18/EP/027,9.64
2K18/EP/028,4.36,2K18/EP/028,6.27
2K18/EP/029,4.55,2K18/EP/029,6.09
2K18/EP/030,4.09,2K18/EP/030,6
2K18/EP/031,5.91,2K18/EP/031,7.27
2K18/EP/032,5.64,2K18/EP/032,7.09
2K18/EP/033,7.73,2K18/EP/033,8.18
2K18/EP/035,8.45,2K18/EP/035,8.82
2K18/EP/036,8.09,2K18/EP/036,8
2K18/EP/037,4.73,2K18/EP/037,6.73
2K18/EP/038,3.64,2K18/EP/038,6.36
2K18/EP/039,8.18,2K18/EP/039,8.55
2K18/EP/040,6.64,2K18/EP/040,7.45
2K18/EP/041,8.73,2K18/EP/041,9.18
2K18/EP/042,6.82,2K18/EP/042,6.55
2K18/EP/043,5.64,2K18/EP/043,6.18
2K18/EP/044,7.82,2K18/EP/044,7.36
2K18/EP/045,4.82,2K18/EP/045,6.27
2K18/EP/046,4.82,2K18/EP/046,6.27
2K18/EP/047,7.18,2K18/EP/047,8.45
2K18/EP/048,7.09,2K18/EP/048,8
2K18/EP/049,6.91,2K18/EP/049,6.64
2K18/EP/050,6.82,2K18/EP/050,8
2K18/EP/051,7.55,2K18/EP/051,7.36
2K18/EP/053,8.64,2K18/EP/053,8.45
2K18/EP/054,8.64,2K18/EP/054,8.55
2K18/EP/055,5.18,2K18/EP/055,6.73
2K18/EP/057,7.73,2K18/EP/057,8.27
2K18/EP/058,9.82,2K18/EP/058,9.45
2K18/EP/059,8,2K18/EP/059,8.18
2K18/EP/060,6.45,2K18/EP/060,7
2K18/EP/061,9.18,2K18/EP/061,8.91
2K18/EP/062,7.09,2K18/EP/062,7.45
2K18/EP/064,8.09,2K18/EP/064,8.27
2K18/EP/065,4.64,2K18/EP/065,5.27
2K18/EP/066,8,2K18/EP/066,7.82
2K18/EP/067,8.91,2K18/EP/067,8.18
2K18/EP/068,4.27,2K18/EP/068,5
2K18/EP/069,8.09,2K18/EP/069,9
2K18/EP/070,8.09,2K18/EP/070,9.09
2K18/EP/071,9.64,2K18/EP/071,9.82
2K18/EP/072,5.18,2K18/EP/072,6.64
2K18/EP/073,7.91,2K18/EP/073,8.18
2K18/EP/075,1.82,2K18/EP/075,6.18
2K18/EP/076,8.27,2K18/EP/076,8.45
2K18/EP/077,8.45,2K18/EP/077,9.27
2K18/EP/078,9.64,2K18/EP/078,9.82
2K18/EP/080,9.55,2K18/EP/080,9.45
2K18/EP/081,9.18,2K18/EP/081,9.45
2K18/EP/082,8.09,2K18/EP/082,7.73
2K18/EP/083,3.36,2K18/EP/083,5.82
2K18/EP/084,4.73,2K18/EP/084,6.45
2K18/EP/085,9.73,2K18/EP/085,9.27
2K18/EP/086,9.18,2K18/EP/086,9.64
2K18/EP/087,6.91,2K18/EP/087,7
2K18/EP/088,6.55,2K18/EP/088,6.91
2K18/EP/089,8.36,2K18/EP/089,9.18
2K18/EP/090,4.36,2K18/EP/090,5.64
2K18/EP/091,7.82,2K18/EP/091,8.36
2K18/EP/092,4.64,2K18/EP/092,6.36
2K18/EP/093,9.27,2K18/EP/093,9.27
2K18/EP/094,6.55,2K18/EP/094,7.27
2K18/IT/001,5.18,2K18/IT/001,5.91
2K18/IT/002,7.91,2K18/IT/002,9
2K18/IT/003,7,2K18/IT/003,7.45
2K18/IT/004,6.91,2K18/IT/004,8.27
2K18/IT/005,8.27,2K18/IT/005,8.55
2K18/IT/006,8.91,2K18/IT/006,9.09
2K18/IT/007,5.27,2K18/IT/007,6.36
2K18/IT/008,6.55,2K18/IT/008,7.55
2K18/IT/009,6.55,2K18/IT/009,7.82
2K18/IT/010,4.91,2K18/IT/010,6.91
2K18/IT/011,6.55,2K18/IT/011,6.91
2K18/IT/012,6.64,2K18/IT/012,7.45
2K18/IT/013,6.36,2K18/IT/013,7.73
2K18/IT/014,9.27,2K18/IT/014,10
2K18/IT/015,8.27,2K18/IT/015,9
2K18/IT/016,7.27,2K18/IT/016,7.82
2K18/IT/017,8.55,2K18/IT/017,8.91
2K18/IT/018,7.91,2K18/IT/018,8.82
2K18/IT/019,6.55,2K18/IT/019,7.73
2K18/IT/020,3,2K18/IT/020,6.64
2K18/IT/021,8.91,2K18/IT/021,9.64
2K18/IT/022,8.18,2K18/IT/022,8.73
2K18/IT/023,8.82,2K18/IT/023,9
2K18/IT/024,4.64,2K18/IT/024,6.73
2K18/IT/025,8.91,2K18/IT/025,9.55
2K18/IT/026,8.09,2K18/IT/026,9.18
2K18/IT/027,0,2K18/IT/027,6.82
2K18/IT/028,8.18,2K18/IT/028,8.18
2K18/IT/029,9.73,2K18/IT/029,9.45
2K18/IT/030,8.18,2K18/IT/030,8.73
2K18/IT/031,9.64,2K18/IT/031,9.45
2K18/IT/032,7.91,2K18/IT/032,8.55
2K18/IT/033,9.36,2K18/IT/033,9.45
2K18/IT/034,9.45,2K18/IT/034,9
2K18/IT/035,8.55,2K18/IT/035,8.73
2K18/IT/036,6.18,2K18/IT/036,6.64
2K18/IT/037,8.09,2K18/IT/037,8.82
2K18/IT/038,0.91,2K18/IT/038,4.18
2K18/IT/039,2.82,2K18/IT/039,4.18
2K18/IT/040,7.36,2K18/IT/040,7.91
2K18/IT/041,8.45,2K18/IT/041,8.64
2K18/IT/042,7.82,2K18/IT/042,8.82
2K18/IT/043,7.91,2K18/IT/043,8.73
2K18/IT/044,9.27,2K18/IT/044,9.27
2K18/IT/045,0.91,2K18/IT/045,6.64
2K18/IT/046,8.45,2K18/IT/046,8.36
2K18/IT/047,6.64,2K18/IT/047,7.55
2K18/IT/048,9.55,2K18/IT/048,10
2K18/IT/049,6.73,2K18/IT/049,7.18
2K18/IT/050,2.09,2K18/IT/050,0.55
2K18/IT/051,8.91,2K18/IT/051,9.36
2K18/IT/052,4.55,2K18/IT/052,6.27
2K18/IT/053,8.55,2K18/IT/053,8.55
2K18/IT/054,8.64,2K18/IT/054,9.45
2K18/IT/055,8.91,2K18/IT/055,8.91
2K18/IT/056,8.18,2K18/IT/056,8.73
2K18/IT/057,8.45,2K18/IT/057,8.45
2K18/IT/058,3.91,2K18/IT/058,5.2
2K18/IT/060,8.91,2K18/IT/060,9.64
2K18/IT/061,8.55,2K18/IT/061,8.27
2K18/IT/062,6.64,2K18/IT/062,6.64
2K18/IT/063,5.82,2K18/IT/063,4.91
2K18/IT/064,9.64,2K18/IT/064,10
2K18/IT/065,6.82,2K18/IT/065,7.45
2K18/IT/066,8,2K18/IT/066,9.18
2K18/IT/067,9.27,2K18/IT/067,9.45
2K18/IT/068,8.82,2K18/IT/068,8.91
2K18/IT/069,4.27,2K18/IT/069,5.27
2K18/IT/070,7.64,2K18/IT/070,8.64
2K18/IT/071,8.09,2K18/IT/071,7.64
2K18/IT/072,8.55,2K18/IT/072,8.82
2K18/IT/073,8.64,2K18/IT/073,8.64
2K18/IT/074,8.55,2K18/IT/074,9
2K18/IT/075,8.09,2K18/IT/075,8.55
2K18/IT/076,8.73,2K18/IT/076,9.18
2K18/IT/077,6,2K18/IT/077,5.91
2K18/IT/078,8.18,2K18/IT/078,8.36
2K18/IT/079,4,2K18/IT/079,3.82
2K18/IT/080,7.18,2K18/IT/080,7.82
2K18/IT/081,7.18,2K18/IT/081,8.91
2K18/IT/082,9.09,2K18/IT/082,9
2K18/IT/083,8.91,2K18/IT/083,9.36
2K18/IT/084,8.55,2K18/IT/084,9.09
2K18/IT/085,8.73,2K18/IT/085,8.82
2K18/IT/086,7.64,2K18/IT/086,8.27
2K18/IT/087,4,2K18/IT/087,4.55
2K18/IT/088,8.27,2K18/IT/088,9.55
2K18/IT/089,3.91,2K18/IT/089,5.45
2K18/IT/090,8.45,2K18/IT/090,9.36
2K18/IT/091,9.27,2K18/IT/091,10
2K18/IT/092,6.82,2K18/IT/092,7.64
2K18/IT/093,6.55,2K18/IT/093,7.09
2K18/IT/094,6.64,2K18/IT/094,7.45
2K18/IT/095,6.73,2K18/IT/095,7.55
2K18/IT/096,9,2K18/IT/096,9.64
2K18/IT/097,5.09,2K18/IT/097,6
2K18/IT/098,7.45,2K18/IT/098,8.73
2K18/IT/099,8.73,2K18/IT/099,9.27
2K18/IT/100,6.73,2K18/IT/100,7.55
2K18/IT/101,8.82,2K18/IT/101,9.27
2K18/IT/102,4.82,2K18/IT/102,6.36
2K18/IT/103,7.18,2K18/IT/103,8.18
2K18/IT/104,6.18,2K18/IT/104,6.64
2K18/IT/105,7.64,2K18/IT/105,8.27
2K18/IT/106,7.73,2K18/IT/106,9
2K18/IT/107,4.36,2K18/IT/107,6.64
2K18/IT/108,4.91,2K18/IT/108,6.36
2K18/IT/109,9.82,2K18/IT/109,9.45
2K18/IT/110,8.91,2K18/IT/110,9.27
2K18/IT/111,8.45,2K18/IT/111,9.18
2K18/IT/112,6.45,2K18/IT/112,4.8
2K18/IT/113,7.36,2K18/IT/113,8.36
2K18/IT/114,6.73,2K18/IT/114,7.36
2K18/IT/115,9.64,2K18/IT/115,9.82
2K18/IT/116,7.91,2K18/IT/116,8.45
2K18/IT/117,7.55,2K18/IT/117,8
2K18/IT/118,2.82,2K18/IT/118,6.55
2K18/IT/119,8.55,2K18/IT/119,9
2K18/IT/120,8.45,2K18/IT/120,8.64
2K18/IT/121,8.82,2K18/IT/121,9.45
2K18/IT/122,9.18,2K18/IT/122,9.36
2K18/IT/123,3,2K18/IT/123,5.36
2K18/IT/124,4.45,2K18/IT/124,6.36
2K18/IT/125,7.09,2K18/IT/125,8
2K18/IT/126,6,2K18/IT/126,7
2K18/IT/127,6.18,2K18/IT/127,7.36
2K18/IT/128,7.45,2K18/IT/128,7.09
2K18/IT/129,8.09,2K18/IT/129,8.36
2K18/IT/131,8.36,2K18/IT/131,9
2K18/IT/132,3.55,2K18/IT/132,5.36
2K18/IT/133,6.64,2K18/IT/133,7.27
2K18/IT/134,5,2K18/IT/134,5.82
2K18/IT/135,7.18,2K18/IT/135,7.55
2K18/IT/136,6.64,2K18/IT/136,7.55
2K18/IT/137,8.09,2K18/IT/137,7.82
2K18/MC/001,7.82,2K18/MC/001,8.55
2K18/MC/002,7.82,2K18/MC/002,8.09
2K18/MC/004,9.09,2K18/MC/004,9.73
2K18/MC/005,7.73,2K18/MC/005,9.18
2K18/MC/006,7.82,2K18/MC/006,7.91
2K18/MC/008,9.82,2K18/MC/008,9.91
2K18/MC/009,8.09,2K18/MC/009,9.27
2K18/MC/010,8.09,2K18/MC/010,8.55
2K18/MC/011,7.27,2K18/MC/011,8.18
2K18/MC/012,7.27,2K18/MC/012,8.73
2K18/MC/013,6.82,2K18/MC/013,8.55
2K18/MC/014,8.45,2K18/MC/014,8.64
2K18/MC/015,7.18,2K18/MC/015,8.09
2K18/MC/016,5.45,2K18/MC/016,6.91
2K18/MC/017,8.64,2K18/MC/017,9.27
2K18/MC/018,6.91,2K18/MC/018,7.91
2K18/MC/019,8.18,2K18/MC/019,8.18
2K18/MC/020,3.18,2K18/MC/020,6.73
2K18/MC/021,6.55,2K18/MC/021,7
2K18/MC/022,7.91,2K18/MC/022,7.45
2K18/MC/023,8.27,2K18/MC/023,8.64
2K18/MC/024,5.36,2K18/MC/024,6.73
2K18/MC/025,6.82,2K18/MC/025,7.91
2K18/MC/026,6.27,2K18/MC/026,6.27
2K18/MC/028,8.18,2K18/MC/028,8
2K18/MC/030,7.18,2K18/MC/029,5.73
2K18/MC/031,5,2K18/MC/030,7.55
2K18/MC/032,6.91,2K18/MC/032,8.18
2K18/MC/033,7.27,2K18/MC/033,8.09
2K18/MC/034,2.91,2K18/MC/034,4.82
2K18/MC/035,6.36,2K18/MC/035,6.64
2K18/MC/036,4.82,2K18/MC/036,5.55
2K18/MC/037,6.82,2K18/MC/037,7.18
2K18/MC/038,4.55,2K18/MC/038,6.55
2K18/MC/039,6.09,2K18/MC/039,7.09
2K18/MC/040,2.36,2K18/MC/040,5.36
2K18/MC/041,8.64,2K18/MC/041,8.91
2K18/MC/042,7.45,2K18/MC/042,8.45
2K18/MC/043,8.09,2K18/MC/043,8.64
2K18/MC/044,9.73,2K18/MC/044,9.82
2K18/MC/045,6.27,2K18/MC/045,8.36
2K18/MC/046,0.91,2K18/MC/046,0
2K18/MC/047,8.27,2K18/MC/047,8.18
2K18/MC/048,8.09,2K18/MC/048,8.64
2K18/MC/049,9.73,2K18/MC/049,9.64
2K18/MC/050,7.36,2K18/MC/050,8.09
2K18/MC/051,6.09,2K18/MC/051,6.55
2K18/MC/052,5.82,2K18/MC/052,7.45
2K18/MC/053,5.36,2K18/MC/053,7
2K18/MC/054,3.09,2K18/MC/054,5.18
2K18/MC/055,7.82,2K18/MC/055,8
2K18/MC/056,7.27,2K18/MC/056,7.73
2K18/MC/057,9.27,2K18/MC/057,9.09
2K18/MC/058,8.45,2K18/MC/058,8.91
2K18/MC/059,8.55,2K18/MC/059,8
2K18/MC/060,7.64,2K18/MC/060,8.73
2K18/MC/061,5.82,2K18/MC/061,6.64
2K18/MC/062,7.09,2K18/MC/062,7.64
2K18/MC/063,3.09,2K18/MC/063,5.55
2K18/MC/064,7.18,2K18/MC/064,7.27
2K18/MC/065,6.91,2K18/MC/065,6.73
2K18/MC/066,6.18,2K18/MC/066,7.64
2K18/MC/067,6.27,2K18/MC/067,7.45
2K18/MC/068,7.55,2K18/MC/068,8.73
2K18/MC/069,6.55,2K18/MC/069,7.18
2K18/MC/070,9.18,2K18/MC/070,9.27
2K18/MC/071,6.64,2K18/MC/071,8.18
2K18/MC/072,8.91,2K18/MC/072,9.27
2K18/MC/073,8.27,2K18/MC/073,8.36
2K18/MC/074,8.55,2K18/MC/074,9.18
2K18/MC/075,7.45,2K18/MC/075,8.55
2K18/MC/076,7.45,2K18/MC/076,8.45
2K18/MC/077,9.27,2K18/MC/077,9.09
2K18/MC/078,6.36,2K18/MC/078,7.55
2K18/MC/079,5.64,2K18/MC/079,7.45
2K18/MC/080,5.73,2K18/MC/080,7.45
2K18/MC/081,5.18,2K18/MC/081,6.27
2K18/MC/082,6.27,2K18/MC/082,7.09
2K18/MC/083,4.09,2K18/MC/083,6
2K18/MC/084,5.18,2K18/MC/084,6.64
2K18/MC/085,7.91,2K18/MC/085,8.64
2K18/MC/086,6,2K18/MC/086,6.82
2K18/MC/087,6.82,2K18/MC/087,8.55
2K18/MC/088,7,2K18/MC/088,7.91
2K18/MC/089,8.09,2K18/MC/089,8.73
2K18/MC/090,6.45,2K18/MC/090,7.18
2K18/MC/091,7.55,2K18/MC/091,9.27
2K18/MC/092,7.91,2K18/MC/092,8.55
2K18/MC/093,9.18,2K18/MC/093,9.09
2K18/MC/094,6.09,2K18/MC/094,7.09
2K18/MC/095,2.91,2K18/MC/095,6
2K18/MC/096,7,2K18/MC/096,7.82
2K18/MC/097,5.55,2K18/MC/097,6.64
2K18/MC/098,6.55,2K18/MC/098,7
2K18/MC/099,8.91,2K18/MC/099,8.55
2K18/MC/101,7.92,2K18/MC/101,9
2K18/MC/102,8.18,2K18/MC/102,8.64
2K18/MC/103,7.64,2K18/MC/103,8.91
2K18/MC/104,6.73,2K18/MC/104,7.91
2K18/MC/105,2,2K18/MC/105,2.91
2K18/MC/106,6.91,2K18/MC/106,7.45
2K18/MC/107,5.36,2K18/MC/107,7
2K18/MC/108,8.45,2K18/MC/108,8.91
2K18/MC/109,8.09,2K18/MC/109,8.45
2K18/MC/111,6.73,2K18/MC/111,7
2K18/MC/113,7.91,2K18/MC/113,7.73
2K18/MC/115,7.45,2K18/MC/115,7.73
2K18/MC/117,7.73,2K18/MC/117,8.09
2K18/MC/118,7.73,2K18/MC/118,8.09
2K18/MC/119,6.18,2K18/MC/119,7.64
2K18/MC/120,9.27,2K18/MC/120,9.27
2K18/MC/122,8.45,2K18/MC/122,8.73
2K18/MC/123,4.09,2K18/MC/123,5.82
2K18/MC/125,7.36,2K18/MC/125,8.09
2K18/MC/126,7.73,2K18/MC/126,8.82
2K18/ME/001,8.45,2K18/ME/001,8.82
2K18/ME/002,7.18,2K18/ME/002,7.36
2K18/ME/005,8.55,2K18/ME/005,7.91
2K18/ME/006,8.64,2K18/ME/006,8.36
2K18/ME/007,9.18,2K18/ME/007,8.55
2K18/ME/008,8.09,2K18/ME/008,8.09
2K18/ME/009,8.18,2K18/ME/009,7.91
2K18/ME/010,8,2K18/ME/010,7.73
2K18/ME/011,9.36,2K18/ME/011,9.27
2K18/ME/013,8.27,2K18/ME/013,7.82
2K18/ME/014,8.82,2K18/ME/014,8.45
2K18/ME/015,8.09,2K18/ME/015,8.27
2K18/ME/016,8.18,2K18/ME/016,7.91
2K18/ME/017,8.55,2K18/ME/017,8.45
2K18/ME/018,8.09,2K18/ME/018,7.45
2K18/ME/019,8.91,2K18/ME/019,8.36
2K18/ME/020,2.36,2K18/ME/020,5.91
2K18/ME/022,8.36,2K18/ME/022,8.36
2K18/ME/023,5.82,2K18/ME/023,6.09
2K18/ME/024,8.91,2K18/ME/024,9.45
2K18/ME/025,7.09,2K18/ME/025,5.82
2K18/ME/026,7.27,2K18/ME/026,6.45
2K18/ME/027,8.36,2K18/ME/027,7.91
2K18/ME/028,5.91,2K18/ME/028,5.73
2K18/ME/029,8.45,2K18/ME/029,8.27
2K18/ME/030,9.27,2K18/ME/030,9.45
2K18/ME/031,8.18,2K18/ME/031,7.91
2K18/ME/032,9.36,2K18/ME/032,9.64
2K18/ME/033,9.55,2K18/ME/033,9.09
2K18/ME/034,7.09,2K18/ME/034,6.36
2K18/ME/035,7.73,2K18/ME/035,7.91
2K18/ME/036,7.73,2K18/ME/036,6.91
2K18/ME/037,8,2K18/ME/037,7.36
2K18/ME/038,8.82,2K18/ME/038,8.73
2K18/ME/039,6.45,2K18/ME/039,7.18
2K18/ME/041,8.82,2K18/ME/041,8.36
2K18/ME/042,7.55,2K18/ME/042,7.55
2K18/ME/043,9.18,2K18/ME/043,8.55
2K18/ME/044,9.64,2K18/ME/044,9
2K18/ME/045,7.27,2K18/ME/045,6.64
2K18/ME/046,8,2K18/ME/046,8.27
2K18/ME/047,9.64,2K18/ME/047,8.82
2K18/ME/048,5.64,2K18/ME/048,7.09
2K18/ME/049,7.09,2K18/ME/049,6.55
2K18/ME/050,8.27,2K18/ME/050,7.64
2K18/ME/051,7.64,2K18/ME/051,7.27
2K18/ME/052,8.91,2K18/ME/052,8.91
2K18/ME/053,9,2K18/ME/053,8.73
2K18/ME/054,8.55,2K18/ME/054,8.64
2K18/ME/055,7,2K18/ME/055,7.09
2K18/ME/056,6,2K18/ME/056,5.91
2K18/ME/057,8.55,2K18/ME/057,9.09
2K18/ME/058,7.09,2K18/ME/058,6.27
2K18/ME/059,6.18,2K18/ME/059,8.09
2K18/ME/060,9.36,2K18/ME/060,9.82
2K18/ME/061,7.27,2K18/ME/061,7.73
2K18/ME/062,8.27,2K18/ME/062,8.36
2K18/ME/063,8.73,2K18/ME/063,9
2K18/ME/064,7.55,2K18/ME/064,7.09
2K18/ME/065,8.91,2K18/ME/065,7.82
2K18/ME/066,8.09,2K18/ME/066,8.27
2K18/ME/067,2.91,2K18/ME/067,5.45
2K18/ME/068,6.45,2K18/ME/068,6.55
2K18/ME/069,5.82,2K18/ME/069,5.82
2K18/ME/070,8.82,2K18/ME/070,9.73
2K18/ME/071,7.82,2K18/ME/071,7.64
2K18/ME/072,3.82,2K18/ME/072,5.27
2K18/ME/073,9,2K18/ME/073,9.18
2K18/ME/074,6.73,2K18/ME/074,6.91
2K18/ME/075,7,2K18/ME/075,7.45
2K18/ME/076,6.18,2K18/ME/076,7.45
2K18/ME/077,8.45,2K18/ME/077,8.82
2K18/ME/078,6.36,2K18/ME/078,8.09
2K18/ME/079,7.45,2K18/ME/079,7.27
2K18/ME/080,9.45,2K18/ME/080,8.91
2K18/ME/081,8.36,2K18/ME/081,7.91
2K18/ME/082,6.73,2K18/ME/082,6.82
2K18/ME/083,9.18,2K18/ME/083,8.73
2K18/ME/084,6.45,2K18/ME/084,6.36
2K18/ME/085,7.55,2K18/ME/085,7.73
2K18/ME/086,8.18,2K18/ME/086,8
2K18/ME/088,7.36,2K18/ME/088,7.27
2K18/ME/089,5.82,2K18/ME/089,6.55
2K18/ME/090,3.2,2K18/ME/090,5.73
2K18/ME/091,9.09,2K18/ME/091,8.18
2K18/ME/092,8.91,2K18/ME/092,8.27
2K18/ME/093,9.55,2K18/ME/093,8.73
2K18/ME/094,6.82,2K18/ME/094,6.18
2K18/ME/095,9.36,2K18/ME/095,8.36
2K18/ME/096,8.82,2K18/ME/096,8.36
2K18/ME/097,6.55,2K18/ME/097,6.45
2K18/ME/099,9.45,2K18/ME/099,8.64
2K18/ME/101,7.45,2K18/ME/101,8.18
2K18/ME/103,8.18,2K18/ME/103,7.91
2K18/ME/104,8,2K18/ME/104,7.91
2K18/ME/105,7.27,2K18/ME/105,6.82
2K18/ME/106,3,2K18/ME/106,4.73
2K18/ME/107,7.09,2K18/ME/107,6.91
2K18/ME/108,6.91,2K18/ME/108,7.27
2K18/ME/110,7.64,2K18/ME/110,7.45
2K18/ME/111,8.45,2K18/ME/111,8.18
2K18/ME/112,5.36,2K18/ME/112,5.73
2K18/ME/113,4.18,2K18/ME/113,5.73
2K18/ME/114,7.64,2K18/ME/114,7.91
2K18/ME/115,9.82,2K18/ME/115,9.27
2K18/ME/116,4.45,2K18/ME/116,7.09
2K18/ME/117,9.45,2K18/ME/117,9.09
2K18/ME/118,7.45,2K18/ME/118,7.27
2K18/ME/119,8.82,2K18/ME/119,9.09
2K18/ME/120,8.36,2K18/ME/120,8.36
2K18/ME/121,9.27,2K18/ME/121,9.09
2K18/ME/122,8.09,2K18/ME/122,8.18
2K18/ME/123,8.91,2K18/ME/123,9.36
2K18/ME/124,9.27,2K18/ME/124,8.91
2K18/ME/125,9.18,2K18/ME/125,8.91
2K18/ME/126,8.45,2K18/ME/126,8.45
2K18/ME/127,9.45,2K18/ME/127,8.55
2K18/ME/128,4.82,2K18/ME/128,5.45
2K18/ME/129,8.82,2K18/ME/129,8.64
2K18/ME/130,4.18,2K18/ME/130,3.36
2K18/ME/131,8.64,2K18/ME/131,8.55
2K18/ME/132,7.82,2K18/ME/132,8.73
2K18/ME/134,8.73,2K18/ME/134,9
2K18/ME/135,5.09,2K18/ME/135,6
2K18/ME/136,9.09,2K18/ME/136,9.45
2K18/ME/137,3.73,2K18/ME/137,5.36
2K18/ME/138,5.64,2K18/ME/138,6.27
2K18/ME/139,6.73,2K18/ME/139,7.73
2K18/ME/140,8.55,2K18/ME/140,8.91
2K18/ME/141,2.36,2K18/ME/141,6.09
2K18/ME/142,7.18,2K18/ME/142,7.73
2K18/ME/143,8.91,2K18/ME/143,8.91
2K18/ME/144,7.91,2K18/ME/144,7.91
2K18/ME/145,6.64,2K18/ME/145,7.27
2K18/ME/146,6.64,2K18/ME/146,7.27
2K18/ME/147,2.36,2K18/ME/147,4.73
2K18/ME/148,9.82,2K18/ME/148,9.73
2K18/ME/149,8.27,2K18/ME/149,6.73
2K18/ME/150,7.09,2K18/ME/150,7.09
2K18/ME/151,8.91,2K18/ME/151,9.36
2K18/ME/152,6.36,2K18/ME/152,7
2K18/ME/153,8.91,2K18/ME/153,8.64
2K18/ME/154,7.18,2K18/ME/154,7.45
2K18/ME/155,7.91,2K18/ME/155,8.36
2K18/ME/156,6.73,2K18/ME/156,6.91
2K18/ME/157,6.45,2K18/ME/157,8.09
2K18/ME/158,6.91,2K18/ME/158,6.82
2K18/ME/159,7.82,2K18/ME/159,8.36
2K18/ME/160,7.36,2K18/ME/160,7.64
2K18/ME/161,6.09,2K18/ME/161,7
2K18/ME/162,7.09,2K18/ME/162,7.82
2K18/ME/163,7.64,2K18/ME/163,7.64
2K18/ME/164,8.36,2K18/ME/164,9.18
2K18/ME/165,7.64,2K18/ME/165,8.45
2K18/ME/166,3.36,2K18/ME/166,5.73
2K18/ME/167,7.09,2K18/ME/167,6.73
2K18/ME/168,6.18,2K18/ME/168,6.45
2K18/ME/169,7.27,2K18/ME/169,8
2K18/ME/170,6.55,2K18/ME/170,7.64
2K18/ME/171,6.27,2K18/ME/171,7.36
2K18/ME/172,4.36,2K18/ME/172,6.64
2K18/ME/173,7,2K18/ME/173,8
2K18/ME/174,8.73,2K18/ME/174,8.91
2K18/ME/175,8,2K18/ME/175,8.36
2K18/ME/176,6.45,2K18/ME/176,6.73
2K18/ME/177,5.45,2K18/ME/177,6.09
2K18/ME/178,6.18,2K18/ME/178,6.55
2K18/ME/179,9.45,2K18/ME/179,9.45
2K18/ME/180,9.64,2K18/ME/180,9.64
2K18/ME/181,7,2K18/ME/181,8.09
2K18/ME/182,4.55,2K18/ME/182,5.82
2K18/ME/183,9.09,2K18/ME/183,8.73
2K18/ME/184,4.82,2K18/ME/184,5.36
2K18/ME/185,7.73,2K18/ME/185,8
2K18/ME/186,4.73,2K18/ME/186,5.91
2K18/ME/187,5.73,2K18/ME/187,6.82
2K18/ME/188,9.27,2K18/ME/188,9.64
2K18/ME/189,7,2K18/ME/189,6.82
2K18/ME/190,6.91,2K18/ME/190,7.27
2K18/ME/191,6.27,2K18/ME/191,6.36
2K18/ME/192,8.64,2K18/ME/192,8.55
2K18/ME/193,2.18,2K18/ME/193,4.36
2K18/ME/194,6.73,2K18/ME/194,7.09
2K18/ME/195,6.45,2K18/ME/195,6.36
2K18/ME/196,8,2K18/ME/196,8.64
2K18/ME/197,6.64,2K18/ME/197,7.09
2K18/ME/199,7.91,2K18/ME/199,7.91
2K18/ME/200,8,2K18/ME/200,8.73
2K18/ME/201,7.09,2K18/ME/201,6.73
2K18/ME/202,6.73,2K18/ME/202,7.45
2K18/ME/203,7,2K18/ME/203,7.55
2K18/ME/206,9.45,2K18/ME/206,9.45
2K18/ME/207,7.64,2K18/ME/207,7.64
2K18/ME/208,8.91,2K18/ME/208,9
2K18/ME/209,6.55,2K18/ME/209,6.91
2K18/ME/210,7.27,2K18/ME/210,8
2K18/ME/211,8.18,2K18/ME/211,9.27
2K18/ME/212,4.91,2K18/ME/212,5.55
2K18/ME/213,6.45,2K18/ME/213,7.55
2K18/ME/214,8,2K18/ME/214,8.45
2K18/ME/215,5,2K18/ME/215,5.55
2K18/ME/216,6,2K18/ME/216,6.18
2K18/ME/217,7.82,2K18/ME/217,8.91
2K18/ME/218,9.27,2K18/ME/218,9.27
2K18/ME/219,8,2K18/ME/219,8.09
2K18/ME/220,7.73,2K18/ME/220,8.36
2K18/ME/221,8.55,2K18/ME/221,8.73
2K18/ME/222,5.73,2K18/ME/222,6.73
2K18/ME/223,7.82,2K18/ME/223,8.45
2K18/ME/224,8.27,2K18/ME/224,8.27
2K18/ME/225,7.55,2K18/ME/225,7.55
2K18/ME/226,5.82,2K18/ME/226,6.82
2K18/ME/227,7.09,2K18/ME/227,7.91
2K18/ME/228,1.27,2K18/ME/228,3.64
2K18/ME/229,8,2K18/ME/229,8.55
2K18/ME/230,5.64,2K18/ME/230,6.09
2K18/ME/231,6.45,2K18/ME/231,7
2K18/ME/232,9.64,2K18/ME/232,10
2K18/ME/233,9.27,2K18/ME/233,10
2K18/ME/234,5.27,2K18/ME/234,6.18
2K18/ME/235,8.36,2K18/ME/235,8.55
2K18/ME/236,5.55,2K18/ME/236,5.55
2K18/ME/237,6.36,2K18/ME/237,7
2K18/ME/238,4.18,2K18/ME/238,7.09
2K18/ME/239,9.18,2K18/ME/239,9.45
2K18/ME/240,8.91,2K18/ME/240,9.64
2K18/ME/241,8.18,2K18/ME/241,9
2K18/ME/242,5.18,2K18/ME/242,5.09
2K18/ME/243,6.27,2K18/ME/243,6.91
2K18/ME/244,8.45,2K18/ME/244,8.91
2K18/ME/245,6,2K18/ME/245,7.18
2K18/ME/246,6.91,2K18/ME/246,6.27
2K18/ME/247,4.45,2K18/ME/247,6
2K18/ME/248,6.36,2K18/ME/248,7.09
2K18/ME/249,8.27,2K18/ME/249,7.91
2K18/ME/250,7.55,2K18/ME/250,6.73
2K18/ME/251,8.55,2K18/ME/251,8.73
2K18/ME/252,7.55,2K18/ME/252,7.18
2K18/ME/253,8.18,2K18/ME/253,8.73
2K18/ME/255,7.36,2K18/ME/255,8.27
2K18/ME/256,7.82,2K18/ME/256,8.73
2K18/ME/257,7.45,2K18/ME/257,6.55
2K18/ME/258,6.91,2K18/ME/258,7.36
2K18/ME/259,6.36,2K18/ME/259,7.27
2K18/ME/260,3.91,2K18/ME/260,5
2K18/PE/001,6.36,2K18/PE/001,7.18
2K18/PE/002,7.82,2K18/PE/002,8.45
2K18/PE/003,4.18,2K18/PE/003,7.09
2K18/PE/004,9.64,2K18/PE/004,9.45
2K18/PE/005,8.45,2K18/PE/005,8.73
2K18/PE/006,9.55,2K18/PE/006,9.45
2K18/PE/007,7.55,2K18/PE/007,9
2K18/PE/008,8.09,2K18/PE/008,8.91
2K18/PE/009,8.09,2K18/PE/009,8.64
2K18/PE/010,4.55,2K18/PE/010,6.27
2K18/PE/013,7.55,2K18/PE/013,8.55
2K18/PE/014,9.09,2K18/PE/014,9.27
2K18/PE/015,5.64,2K18/PE/015,7.27
2K18/PE/016,7.09,2K18/PE/016,7.45
2K18/PE/017,6.18,2K18/PE/017,6.91
2K18/PE/018,6,2K18/PE/018,6.64
2K18/PE/019,6.91,2K18/PE/019,7
2K18/PE/020,7.36,2K18/PE/020,7.64
2K18/PE/021,6.36,2K18/PE/021,6.45
2K18/PE/022,4,2K18/PE/022,6
2K18/PE/023,6.64,2K18/PE/023,7.45
2K18/PE/024,5.91,2K18/PE/024,6
2K18/PE/025,6.91,2K18/PE/025,7
2K18/PE/027,7.64,2K18/PE/027,8.18
2K18/PE/028,7.27,2K18/PE/028,7.36
2K18/PE/029,8.18,2K18/PE/029,8.91
2K18/PE/030,7.73,2K18/PE/030,8.55
2K18/PE/031,1.64,2K18/PE/031,5.27
2K18/PE/032,6.73,2K18/PE/032,5.64
2K18/PE/033,8.73,2K18/PE/033,9
2K18/PE/035,8.45,2K18/PE/035,9
2K18/PE/036,4.27,2K18/PE/036,6.55
2K18/PE/037,5.91,2K18/PE/037,6.73
2K18/PE/039,7.73,2K18/PE/039,7
2K18/PE/040,7,2K18/PE/040,6.64
2K18/PE/041,8.09,2K18/PE/041,7.73
2K18/PE/042,6.64,2K18/PE/042,7.45
2K18/PE/043,7.55,2K18/PE/043,8.64
2K18/PE/044,9.45,2K18/PE/044,9.64
2K18/PE/045,3.91,2K18/PE/045,5.91
2K18/PE/046,8.27,2K18/PE/046,8.36
2K18/PE/047,7.09,2K18/PE/047,8.91
2K18/PE/048,5,2K18/PE/048,6.73
2K18/PE/049,6,2K18/PE/049,6.82
2K18/PE/050,6.36,2K18/PE/050,7.91
2K18/PE/051,5.64,2K18/PE/051,7.82
2K18/PE/053,3.36,2K18/PE/053,5.55
2K18/PE/054,9.91,2K18/PE/054,9.64
2K18/PE/056,9.45,2K18/PE/056,9.45
2K18/PE/057,8.55,2K18/PE/057,8.91
2K18/PE/058,9.27,2K18/PE/058,10
2K18/PE/059,7.82,2K18/PE/059,8.55
2K18/PE/060,6,2K18/PE/060,7
2K18/PE/061,6.18,2K18/PE/061,7.09
2K18/PE/062,6.45,2K18/PE/062,7.73
2K18/PS/001,8.73,2K18/PS/001,9
2K18/PS/002,7.64,2K18/PS/002,7.73
2K18/PS/003,3,2K18/PS/003,3.91
2K18/PS/004,6.55,2K18/PS/004,7.09
2K18/PS/005,3.91,2K18/PS/005,6.8
2K18/PS/006,7.64,2K18/PS/006,8.27
2K18/PS/007,5.91,2K18/PS/007,6.27
2K18/PS/008,6.36,2K18/PS/008,6.09
2K18/PS/009,8.09,2K18/PS/009,8.45
2K18/PS/010,4.4,2K18/PS/010,4.91
2K18/PS/011,8.73,2K18/PS/011,8.45
2K18/PS/013,9.36,2K18/PS/013,9.18
2K18/PS/014,8.73,2K18/PS/014,8.27
2K18/PS/015,7.55,2K18/PS/015,8.45
2K18/PS/016,7.09,2K18/PS/016,5.82
2K18/PS/017,8.09,2K18/PS/017,8.18
2K18/PS/018,8.55,2K18/PS/018,9.18
2K18/PS/019,5.91,2K18/PS/019,6.36
2K18/PS/020,6.55,2K18/PS/020,7.09
2K18/PS/021,9.27,2K18/PS/021,8.91
2K18/PS/022,3,2K18/PS/022,5.45
2K18/PS/023,4.18,2K18/PS/023,5.45
2K18/PS/024,6.18,2K18/PS/024,6.55
2K18/PS/025,6.27,2K18/PS/025,6.73
2K18/PS/026,8.18,2K18/PS/026,8.64
2K18/PS/027,6.73,2K18/PS/027,7.09
2K18/PS/028,6.73,2K18/PS/028,7.55
2K18/PS/029,7.91,2K18/PS/029,7.64
2K18/PS/030,5.73,2K18/PS/030,7.27
2K18/PS/031,7.27,2K18/PS/031,7.27
2K18/PS/032,8.36,2K18/PS/032,8.73
2K18/PS/033,9.27,2K18/PS/033,9.18
2K18/PS/034,9.64,2K18/PS/034,9.82
2K18/PS/035,6.73,2K18/PS/035,6.91
2K18/PS/036,8.45,2K18/PS/036,8.91
2K18/PS/037,7.91,2K18/PS/037,7.82
2K18/PS/038,1.45,2K18/PS/038,4.55
2K18/PS/039,7.73,2K18/PS/039,7.36
2K18/PS/040,8.18,2K18/PS/040,7.64
2K18/PS/041,8.36,2K18/PS/041,8.36
2K18/PS/042,8.09,2K18/PS/042,7.27
2K18/PS/043,7.91,2K18/PS/043,7.91
2K18/PS/044,5.73,2K18/PS/044,5.91
2K18/PS/045,9.73,2K18/PS/045,10
2K18/PS/046,8.18,2K18/PS/046,8.82
2K18/PS/047,4.82,2K18/PS/047,5.55
2K18/PS/048,9.91,2K18/PS/048,9.27
2K18/PS/049,6.36,2K18/PS/049,5.91
2K18/PS/050,9.27,2K18/PS/050,9.45
2K18/PS/051,9.82,2K18/PS/051,10
2K18/SE/001,7.18,2K18/SE/001,6.64
2K18/SE/002,8.91,2K18/SE/002,9.27
2K18/SE/003,9.55,2K18/SE/003,9.09
2K18/SE/004,7.36,2K18/SE/004,7
2K18/SE/005,7.55,2K18/SE/005,7.27
2K18/SE/006,4.09,2K18/SE/006,6.64
2K18/SE/007,7.36,2K18/SE/007,7.55
2K18/SE/008,7.82,2K18/SE/008,7.55
2K18/SE/009,9.73,2K18/SE/009,9.27
2K18/SE/010,6.55,2K18/SE/010,7.27
2K18/SE/012,4.18,2K18/SE/012,5.36
2K18/SE/013,7.09,2K18/SE/013,6.73
2K18/SE/014,8.36,2K18/SE/014,7.18
2K18/SE/015,3.82,2K18/SE/015,4.82
2K18/SE/016,8.36,2K18/SE/016,8.09
2K18/SE/017,9.09,2K18/SE/017,9.27
2K18/SE/018,8.09,2K18/SE/018,8.18
2K18/SE/019,9,2K18/SE/019,9.09
2K18/SE/020,6.18,2K18/SE/020,7.18
2K18/SE/021,8.18,2K18/SE/021,8.09
2K18/SE/022,8.36,2K18/SE/022,8.64
2K18/SE/023,7.64,2K18/SE/023,7.91
2K18/SE/024,7.64,2K18/SE/024,7.45
2K18/SE/025,8.36,2K18/SE/025,8.73
2K18/SE/026,6.91,2K18/SE/026,7.09
2K18/SE/027,8.45,2K18/SE/027,9.27
2K18/SE/028,4.82,2K18/SE/028,6.27
2K18/SE/029,8,2K18/SE/029,8.82
2K18/SE/030,8.73,2K18/SE/030,8.18
2K18/SE/031,9.36,2K18/SE/031,8.91
2K18/SE/032,7.55,2K18/SE/032,7.73
2K18/SE/033,9.82,2K18/SE/033,9.73
2K18/SE/034,7.8,2K18/SE/034,7.55
2K18/SE/035,7.73,2K18/SE/035,7.73
2K18/SE/036,8.18,2K18/SE/036,8.55
2K18/SE/037,7.18,2K18/SE/037,7.45
2K18/SE/038,9.64,2K18/SE/038,9.82
2K18/SE/039,7.45,2K18/SE/039,8.18
2K18/SE/040,8.36,2K18/SE/040,8.45
2K18/SE/041,8.73,2K18/SE/041,8.82
2K18/SE/042,7.36,2K18/SE/042,7.36
2K18/SE/043,9.09,2K18/SE/043,9.18
2K18/SE/044,7.82,2K18/SE/044,7.73
2K18/SE/045,6.18,2K18/SE/045,6.27
2K18/SE/046,6.27,2K18/SE/046,7.27
2K18/SE/047,8.73,2K18/SE/047,8.45
2K18/SE/048,9.45,2K18/SE/048,9.64
2K18/SE/049,8.45,2K18/SE/049,9
2K18/SE/051,9.27,2K18/SE/051,9.36
2K18/SE/052,8.91,2K18/SE/052,8.36
2K18/SE/053,7.36,2K18/SE/053,8.18
2K18/SE/054,10,2K18/SE/054,10
2K18/SE/055,8.91,2K18/SE/055,8.36
2K18/SE/056,8.36,2K18/SE/056,9
2K18/SE/057,9.27,2K18/SE/057,9.27
2K18/SE/058,4.91,2K18/SE/058,5.91
2K18/SE/059,8.91,2K18/SE/059,8.82
2K18/SE/060,9.09,2K18/SE/060,8.91
2K18/SE/061,8.55,2K18/SE/061,8.91
2K18/SE/062,4.55,2K18/SE/062,6.36
2K18/SE/063,8.73,2K18/SE/063,8.64
2K18/SE/065,8,2K18/SE/065,8
2K18/SE/066,8.36,2K18/SE/066,8.27
2K18/SE/067,8.18,2K18/SE/067,8.45
2K18/SE/069,9.64,2K18/SE/069,9.27
2K18/SE/070,9.55,2K18/SE/070,9.82
2K18/SE/071,9.27,2K18/SE/071,9.64
2K18/SE/072,7.18,2K18/SE/072,7.91
2K18/SE/073,7.91,2K18/SE/073,8
2K18/SE/074,7.55,2K18/SE/074,7.55
2K18/SE/075,9.09,2K18/SE/075,9.27
2K18/SE/076,3.64,2K18/SE/076,4.82
2K18/SE/077,3.82,2K18/SE/077,6.45
2K18/SE/078,9.36,2K18/SE/078,9.45
2K18/SE/079,7.09,2K18/SE/079,6.73
2K18/SE/080,3.18,2K18/SE/080,5.18
2K18/SE/081,6.64,2K18/SE/081,8.09
2K18/SE/082,8.18,2K18/SE/082,8.45
2K18/SE/083,3,2K18/SE/083,5.27
2K18/SE/084,9,2K18/SE/084,9.27
2K18/SE/085,2.09,2K18/SE/085,2.78
2K18/SE/086,1.64,2K18/SE/086,5.36
2K18/SE/087,4.91,2K18/SE/087,6
2K18/SE/088,8.36,2K18/SE/088,8.91
2K18/SE/089,8.91,2K18/SE/089,8.64
2K18/SE/090,8.36,2K18/SE/090,9.18
2K18/SE/091,9.09,2K18/SE/091,9
2K18/SE/092,7.82,2K18/SE/092,8.09
2K18/SE/093,8.91,2K18/SE/093,9.18
2K18/SE/094,8.82,2K18/SE/094,9.27
2K18/SE/095,8.64,2K18/SE/095,8.82
2K18/SE/096,8,2K18/SE/096,8.36
2K18/SE/097,8.64,2K18/SE/097,8.45
2K18/SE/098,7.82,2K18/SE/098,7.55
2K18/SE/099,8.64,2K18/SE/099,8.45
2K18/SE/100,7.91,2K18/SE/100,7.45
2K18/SE/101,7.18,2K18/SE/101,8.45
2K18/SE/102,7.45,2K18/SE/102,7.55
2K18/SE/103,7.73,2K18/SE/103,7.82
2K18/SE/104,8.36,2K18/SE/104,7.73
2K18/SE/105,7.36,2K18/SE/105,7.55
2K18/SE/106,4,2K18/SE/106,6.18
2K18/SE/107,6.45,2K18/SE/107,7.27
2K18/SE/108,5.18,2K18/SE/108,6.82
2K18/SE/109,9,2K18/SE/109,9.09
2K18/SE/110,7.55,2K18/SE/110,8.27
2K18/SE/112,7.91,2K18/SE/112,8.64
2K18/SE/113,9,2K18/SE/113,9.27
2K18/SE/114,7.73,2K18/SE/114,7.18
2K18/SE/115,8.91,2K18/SE/115,8.64
2K18/SE/116,9.09,2K18/SE/116,8.91
2K18/SE/117,4.55,2K18/SE/117,5.18
2K18/SE/118,8.45,2K18/SE/118,8.09
2K18/SE/119,7.36,2K18/SE/119,7.36
2K18/SE/120,8.18,2K18/SE/120,8.18
2K18/SE/121,9.36,2K18/SE/121,8.73
2K18/SE/122,8.45,2K18/SE/122,8.64
2K18/SE/123,9.64,2K18/SE/123,9.45
2K18/SE/124,8.73,2K18/SE/124,8.64
2K18/SE/125,9,2K18/SE/125,8.36
2K18/SE/126,7.73,2K18/SE/126,8.36
2K18/SE/127,8.64,2K18/SE/127,9
2K18/SE/128,8,2K18/SE/128,8.27
2K18/SE/129,7.27,2K18/SE/129,6.91
2K18/SE/130,8.18,2K18/SE/130,8.73
2K18/SE/131,8.45,2K18/SE/131,8.73
2K18/SE/132,7.91,2K18/SE/132,9.09
2K18/SE/133,6.55,2K18/SE/133,6.82
2K18/SE/135,7.09,2K18/SE/135,7.45
2K18/SE/136,7.55,2K18/SE/136,9.09
2K18/SE/137,7.91,2K18/SE/137,8.91
2K18/SE/138,1.64,2K18/SE/138,2.5